{
  "hybrid_model": {
    "hit_rate@5": 0.1,
    "ndcg@5": 0.11930918554309097,
    "coverage@5": 0.00020022425116130062,
    "freshness@5": 1.0,
    "hit_rate@10": 0.06000000000000001,
    "ndcg@10": 0.08933034162359119,
    "coverage@10": 0.00040044850232260124,
    "freshness@10": 1.0,
    "hit_rate@20": 0.05774509803921568,
    "ndcg@20": 0.08242971682339235,
    "coverage@20": 0.0008008970046452025,
    "freshness@20": 1.0
  },
  "popularity_baseline": {
    "hit_rate@5": 0.04,
    "ndcg@5": 0.04703652827859579,
    "coverage@5": 0.00020022425116130062,
    "freshness@5": 1.0,
    "hit_rate@10": 0.05,
    "ndcg@10": 0.057606551399327244,
    "coverage@10": 0.00040044850232260124,
    "freshness@10": 1.0,
    "hit_rate@20": 0.05774509803921568,
    "ndcg@20": 0.06385463324702442,
    "coverage@20": 0.0008008970046452025,
    "freshness@20": 1.0
  },
  "content_baseline": {
    "hit_rate@5": 0.02,
    "ndcg@5": 0.03391602052736161,
    "coverage@5": 0.00020022425116130062,
    "freshness@5": 1.0,
    "hit_rate@10": 0.02,
    "ndcg@10": 0.03391602052736161,
    "coverage@10": 0.00040044850232260124,
    "freshness@10": 1.0,
    "hit_rate@20": 0.034215686274509806,
    "ndcg@20": 0.042978456321855235,
    "coverage@20": 0.0008008970046452025,
    "freshness@20": 1.0
  }
}